Ticket_Id,Airline_Id,Passenger_Id,Date_Of_Purchases,Single_Ticket_Purchase_Price,No_Of_Tickets_Purchased,Destination_Country,Source_Country
333,3,5,07/27/2017,4187,3,1,61
669,4,18,07/18/2017,3023,1,1,67
836,1,15,10/28/2017,7354,5,2,209
918,4,3,02/10/2017,9308,6,2,345
966,1,23,03/24/2017,5592,6,2,130
587,4,15,05/01/2016,3057,4,3,324
914,2,18,07/16/2016,1866,5,3,100
958,2,21,09/14/2016,7993,2,3,85
845,5,17,12/31/2017,5528,4,4,415
941,4,10,05/13/2016,8981,3,4,126
239,3,23,03/10/2017,9975,1,5,80
531,4,2,10/29/2016,9948,4,5,178
6,2,9,02/16/2017,3725,6,6,202
101,4,8,01/29/2017,2319,1,7,441
528,3,20,05/24/2016,7179,4,7,143
555,1,4,01/24/2016,1067,2,7,10
755,2,24,08/13/2016,2807,1,8,390
8,4,13,02/06/2016,5818,6,9,260
38,2,21,06/23/2017,2971,5,9,207
775,5,11,07/05/2017,4587,3,10,86
356,5,6,10/28/2016,3601,6,11,263
572,5,19,01/05/2017,2301,4,12,476
99,3,4,05/28/2016,2542,2,13,174
803,5,6,01/20/2016,1738,4,13,28
144,5,6,06/30/2016,4247,4,14,433
398,4,8,10/01/2017,3646,5,14,224
828,5,23,02/23/2016,2517,4,14,224
354,4,1,10/28/2016,9168,3,15,195
561,5,5,12/27/2016,5029,3,15,437
671,2,10,12/01/2017,4209,3,16,310
865,5,14,12/04/2016,9064,3,16,431
876,4,15,05/02/2016,6436,5,16,485
976,4,8,04/12/2016,5510,2,16,85
811,4,22,07/23/2016,4034,6,17,294
203,4,1,12/30/2017,3411,2,18,201
480,4,6,09/23/2016,2986,3,18,324
69,4,23,02/05/2018,4946,6,19,232
238,1,13,06/28/2016,2197,4,19,380
380,4,5,11/06/2017,2072,2,19,385
904,1,16,06/16/2016,3082,6,19,428
962,5,24,05/02/2017,3203,4,19,3
591,4,12,04/01/2017,6047,2,20,34
950,2,4,03/11/2016,4043,1,21,269
657,2,9,09/08/2017,1608,1,22,434
796,4,1,02/23/2017,9456,4,23,313
137,5,22,04/18/2017,1857,5,24,93
988,6,14,01/12/2017,5063,4,24,278
47,6,5,09/26/2017,1930,3,25,139
583,6,23,11/07/2016,3995,4,25,274
801,1,17,12/27/2017,6917,4,25,226
522,6,12,02/26/2016,7382,1,26,114
199,5,15,04/28/2016,6345,4,27,147
521,6,24,03/06/2016,4443,6,28,485
842,6,19,06/08/2017,2092,3,28,96
167,2,1,02/06/2017,3858,2,29,314
520,2,15,05/25/2017,8736,4,29,450
709,6,24,01/22/2017,6892,6,29,98
110,3,1,04/12/2017,7857,6,30,144
984,2,24,01/20/2017,9677,2,30,55
327,4,16,03/16/2017,4645,5,31,6
467,1,23,02/17/2016,5197,6,31,434
724,1,10,05/03/2016,8489,6,31,386
756,2,5,01/12/2016,9453,1,31,404
457,1,19,11/01/2017,1149,3,32,100
539,6,20,11/03/2017,4140,3,32,60
677,2,4,01/29/2016,5395,4,32,49
707,3,18,04/03/2017,5817,5,32,180
890,1,8,11/08/2017,8775,4,32,338
548,5,10,10/21/2016,9247,5,33,222
675,1,13,01/18/2017,9850,1,33,364
721,3,2,07/01/2017,1427,3,33,256
913,2,23,03/15/2017,6233,6,33,276
936,2,3,07/14/2016,6819,3,33,242
665,4,3,02/02/2016,7040,2,34,379
703,6,18,01/12/2018,761,1,34,32
125,2,23,08/16/2017,1735,6,35,343
919,3,5,08/07/2017,9796,4,35,90
823,6,24,12/26/2017,1020,3,36,68
670,3,1,02/14/2016,5111,2,37,486
176,4,4,04/30/2017,8210,6,38,378
461,1,12,09/24/2016,719,5,38,288
498,6,23,01/09/2017,8041,6,38,247
579,3,13,04/10/2017,8188,5,38,279
96,6,12,02/28/2018,8120,4,39,481
182,3,13,12/06/2016,1118,6,39,104
612,1,1,10/25/2017,5579,6,39,422
617,4,12,01/14/2017,9061,4,40,151
946,3,1,07/22/2017,4456,3,41,193
549,5,8,08/14/2016,9642,4,42,212
632,3,19,04/15/2017,7867,6,42,256
779,6,15,06/07/2017,3506,6,43,409
907,4,23,08/09/2016,8952,5,43,148
575,6,5,04/03/2017,3673,2,44,392
623,1,18,06/08/2017,8340,2,44,6
556,6,3,12/13/2016,3036,4,45,464
808,6,3,05/06/2016,6848,1,45,192
933,5,5,06/10/2017,9826,5,45,227
663,3,8,02/07/2016,8878,5,46,107
769,3,23,02/10/2016,1781,1,46,376
295,3,20,04/05/2017,9677,6,48,434
405,1,19,01/23/2016,4223,4,48,59
385,1,9,04/04/2017,5399,3,49,445
734,3,11,09/16/2016,5246,4,49,163
508,1,18,01/13/2018,4449,2,50,144
570,4,12,06/07/2016,9858,6,51,344
64,6,14,02/13/2018,7579,5,52,77
425,4,24,03/10/2017,4899,4,52,436
678,1,14,09/11/2016,5229,2,52,417
109,1,2,01/08/2017,2949,6,54,466
386,2,1,08/31/2017,1921,5,54,380
468,5,18,03/21/2017,7413,2,54,126
551,3,22,07/28/2017,8071,5,54,154
328,1,20,07/07/2016,5063,2,56,158
582,3,21,10/12/2017,7389,3,56,409
749,1,21,08/31/2017,8471,2,57,366
5,3,15,05/25/2017,5926,1,58,297
68,6,24,02/01/2016,5017,1,58,188
770,2,20,07/10/2017,7477,1,58,411
978,1,11,06/06/2016,4089,1,58,261
584,2,13,04/15/2017,7468,4,59,201
922,6,10,12/14/2016,3572,2,59,43
209,5,18,11/26/2016,1640,2,60,342
470,3,18,01/19/2016,7129,1,60,123
552,4,4,11/29/2016,8071,3,60,447
626,3,13,08/14/2016,2087,1,60,387
735,5,21,09/20/2016,3782,3,60,123
200,5,14,03/16/2017,4415,6,62,379
56,1,1,06/22/2016,5027,6,63,58
687,1,1,01/13/2016,6683,5,63,295
746,6,16,03/09/2016,9480,2,63,461
809,3,9,07/22/2016,2570,3,63,180
243,2,6,02/26/2018,7595,1,64,383
288,5,19,08/06/2016,4081,3,64,179
71,4,2,05/14/2016,776,5,65,194
194,1,22,01/12/2017,2726,2,65,143
252,4,19,01/18/2016,3703,5,65,193
576,4,1,12/15/2016,7371,5,65,118
613,4,24,01/19/2017,2653,3,65,140
161,6,20,10/23/2016,7073,1,66,127
33,6,3,09/19/2016,5869,4,67,430
481,5,3,02/09/2018,9092,5,67,412
645,4,8,11/29/2017,7996,1,67,402
235,2,12,08/26/2016,9066,6,68,150
396,3,17,01/20/2017,5131,2,68,183
699,3,23,02/09/2018,5118,5,68,302
390,6,22,08/08/2016,6948,5,69,395
729,4,10,09/20/2016,9992,3,69,472
306,2,18,02/07/2018,2403,1,70,471
558,4,6,04/18/2017,9089,3,70,454
89,1,18,07/16/2016,5828,3,71,349
653,6,21,05/29/2016,6802,5,71,234
879,6,12,11/04/2016,1534,5,72,38
638,5,17,02/01/2017,8311,6,73,172
935,2,23,06/22/2016,892,1,73,127
67,1,21,05/19/2017,6725,4,74,368
442,6,8,08/03/2016,5263,2,74,329
654,4,7,07/10/2016,7993,1,74,343
832,3,3,02/24/2016,1226,1,74,45
861,5,16,10/28/2016,9885,2,74,467
298,4,18,04/23/2016,5326,1,75,319
905,4,6,05/25/2016,7094,4,75,426
86,4,12,11/07/2016,4986,4,76,442
292,4,7,02/27/2017,5606,6,76,329
423,6,23,05/04/2016,7275,1,76,389
864,2,14,02/22/2018,6426,5,76,238
804,3,20,04/20/2017,9501,3,77,192
930,4,4,09/12/2017,9181,1,77,124
443,2,9,01/16/2016,7911,4,78,348
646,4,23,09/25/2017,8705,6,78,237
921,5,16,05/08/2016,6198,5,78,110
211,5,14,08/19/2016,8753,2,79,327
924,2,6,12/01/2017,9489,2,79,184
346,5,8,06/28/2016,6467,4,80,446
153,2,6,06/14/2016,9619,1,81,186
40,5,14,10/09/2017,5953,4,83,224
460,4,9,04/01/2017,8220,3,83,217
291,4,23,05/08/2017,6474,2,84,309
325,1,21,05/20/2017,8605,3,84,430
608,6,1,10/10/2016,2316,5,84,162
640,4,18,02/20/2018,9759,1,84,143
748,4,19,01/27/2016,5314,4,84,202
953,3,2,12/30/2017,5249,3,84,114
11,1,11,03/22/2017,883,4,85,61
80,2,11,12/13/2017,8925,4,85,96
739,3,22,04/15/2017,7401,5,85,227
136,6,9,07/05/2017,5855,6,86,448
307,2,3,05/12/2016,4869,4,86,293
250,6,6,02/16/2016,3324,2,88,450
329,5,22,09/11/2016,5894,4,88,295
343,2,7,02/21/2016,5256,6,89,152
728,3,17,01/18/2017,6080,4,89,443
525,2,14,09/02/2017,5766,4,90,32
849,5,7,08/04/2017,4978,5,90,180
179,2,6,12/29/2016,1053,3,93,29
395,6,24,02/03/2018,7565,6,93,27
107,2,20,08/10/2016,8948,3,96,248
877,6,12,10/21/2016,4685,5,97,19
945,3,10,01/10/2017,2838,5,97,424
989,1,9,01/08/2017,4501,2,97,303
220,1,19,05/30/2016,2423,2,98,434
948,1,1,02/12/2016,2862,1,98,149
41,3,19,11/14/2017,9334,1,99,25
383,5,11,03/21/2016,1316,3,99,100
704,5,14,12/21/2016,5137,3,99,470
434,5,15,03/22/2016,6058,4,100,36
714,1,5,10/05/2017,7135,4,100,27
686,3,16,01/31/2018,1686,6,101,118
895,2,4,11/19/2016,3900,1,101,358
448,6,3,11/26/2017,2168,3,102,268
271,3,9,07/10/2017,8613,3,103,374
42,1,14,01/16/2016,9422,3,104,66
778,6,2,09/10/2017,8977,2,104,330
873,6,6,06/04/2016,792,6,104,428
129,3,21,03/13/2016,1010,3,105,19
193,5,10,07/27/2016,5384,6,106,234
807,2,7,11/17/2017,3716,1,106,166
51,1,14,05/16/2016,8772,2,107,198
147,5,6,11/02/2017,4856,6,107,290
712,1,15,06/06/2017,9791,4,107,306
90,1,4,08/20/2017,3804,1,108,11
515,1,8,07/04/2016,4311,1,108,169
818,5,1,01/24/2016,8366,6,108,184
869,5,20,01/09/2017,4297,1,108,214
205,3,11,05/30/2017,2659,2,109,78
382,2,15,02/22/2017,4340,6,110,367
529,2,23,12/25/2017,8039,4,110,87
713,5,4,08/29/2016,8402,2,110,44
850,3,3,12/13/2017,1520,5,110,354
972,4,12,12/31/2017,4269,1,110,433
974,2,3,04/26/2016,3687,6,110,18
486,2,8,05/05/2017,1730,1,111,161
172,3,6,02/18/2018,5495,5,113,59
217,2,1,02/23/2018,6459,5,113,182
698,5,4,06/11/2017,9162,1,115,252
760,1,22,09/28/2016,9615,1,115,261
74,2,19,09/07/2017,2250,5,116,144
772,6,3,08/20/2017,2858,2,116,44
17,3,15,04/17/2017,6162,6,118,30
275,6,22,04/01/2016,3398,6,118,361
287,6,21,01/22/2016,8306,2,118,375
317,3,2,12/03/2017,3998,3,118,20
484,3,20,07/17/2017,4697,2,118,261
376,6,5,05/21/2017,3111,2,119,72
339,2,22,11/28/2016,2372,5,120,268
440,5,24,07/13/2016,4496,2,120,42
181,2,6,05/16/2017,4139,6,122,339
160,4,7,05/22/2017,1820,1,123,298
932,2,5,12/08/2016,6312,3,123,442
487,2,20,03/11/2017,1939,3,124,219
750,2,21,01/06/2016,7035,1,124,410
435,1,22,12/05/2017,6651,3,125,331
85,5,17,12/05/2017,2828,3,126,38
201,4,24,05/04/2016,7692,6,126,35
350,5,12,12/09/2017,6393,5,126,3
409,2,19,01/30/2018,4387,6,126,228
567,2,2,06/10/2016,3532,6,126,418
615,2,6,05/23/2017,3802,6,126,197
432,2,13,02/21/2016,7582,2,127,385
233,2,18,02/04/2017,5767,2,128,52
462,3,14,12/03/2016,1157,1,128,333
831,1,2,02/27/2018,7388,2,128,367
391,1,4,03/20/2017,3209,2,129,90
888,2,19,11/23/2016,2995,4,129,25
53,5,18,05/15/2017,1547,3,131,130
614,3,23,09/13/2017,7946,6,131,477
186,4,5,04/05/2017,7501,2,132,5
196,1,11,03/12/2017,904,3,132,377
225,2,16,04/09/2016,3057,4,132,372
627,1,17,01/22/2017,8423,4,132,246
183,2,23,04/12/2017,2960,4,133,344
412,1,19,09/10/2016,1423,6,133,336
629,3,18,02/20/2017,7451,5,133,166
839,3,23,07/30/2017,3215,6,134,298
127,3,18,05/17/2016,6820,3,137,451
59,4,15,05/15/2017,3743,2,138,158
54,4,11,12/01/2017,1122,4,139,421
483,6,2,04/10/2017,2317,2,139,136
730,3,8,08/18/2016,6507,6,139,418
224,3,15,08/22/2017,4258,3,140,482
610,6,22,07/18/2017,4984,4,140,354
759,5,14,12/17/2016,6549,3,142,195
116,1,12,02/16/2017,7674,2,143,349
207,6,15,06/27/2016,8011,4,144,99
445,2,5,06/12/2016,7629,2,144,30
609,6,24,10/14/2017,958,6,144,341
496,3,22,11/10/2016,5840,2,145,185
827,6,8,11/30/2016,3389,6,145,432
494,1,15,01/21/2016,5233,2,146,82
620,5,24,03/28/2017,3393,5,146,72
497,3,8,12/13/2017,5450,6,147,22
867,1,9,06/26/2016,5311,2,147,231
652,3,18,10/12/2016,1377,4,148,333
834,3,9,05/14/2017,1104,4,148,104
641,4,3,09/18/2017,7036,4,149,210
751,3,12,02/11/2018,2018,4,149,302
340,3,9,10/01/2016,9774,2,150,39
757,6,12,08/22/2017,1439,2,150,352
66,2,15,08/17/2016,7311,3,151,437
133,2,1,02/20/2016,3901,5,151,119
883,1,9,12/05/2017,9176,4,151,185
447,3,17,11/13/2017,5461,3,152,145
533,3,24,08/11/2017,6557,6,152,349
88,4,24,10/18/2016,6411,1,153,347
124,4,21,02/29/2016,5878,2,153,480
257,5,7,04/20/2017,5397,6,154,162
49,5,3,07/04/2017,1354,6,155,438
784,5,21,05/12/2017,7933,4,155,450
541,5,19,08/30/2017,2770,1,156,18
29,1,15,11/18/2017,7220,3,157,17
258,4,13,09/03/2016,3295,1,157,421
309,2,19,03/22/2016,1734,5,157,324
743,3,19,02/28/2016,6697,4,157,418
898,2,12,01/13/2017,7853,1,157,73
141,1,14,03/16/2017,2301,3,158,367
630,5,4,12/19/2016,4626,6,158,334
634,4,24,10/07/2016,9456,1,158,331
241,3,22,11/14/2017,6354,1,159,375
365,2,21,06/29/2017,1649,3,159,287
464,3,2,11/02/2016,9413,2,159,303
574,1,12,08/10/2017,5260,2,159,402
260,3,2,12/17/2016,1419,6,160,329
702,3,10,03/13/2016,3463,5,160,343
844,3,24,12/21/2016,6699,3,161,480
210,3,17,05/08/2017,9836,1,162,5
301,5,6,07/27/2017,1139,3,162,482
642,6,1,07/07/2016,1630,5,162,473
230,2,3,02/04/2018,4472,4,163,136
956,6,1,06/01/2016,3111,5,163,176
530,2,16,03/01/2016,863,6,164,125
48,2,9,10/24/2016,1584,2,165,409
406,5,3,01/22/2018,3355,2,165,457
923,6,20,12/23/2017,5669,2,165,120
122,6,2,03/20/2017,2208,6,166,62
218,4,12,05/20/2016,8952,4,166,368
886,6,23,03/30/2016,1872,5,166,23
313,1,21,06/21/2017,1315,6,168,371
875,3,20,10/06/2017,4066,5,169,199
50,3,9,01/15/2017,1805,3,170,52
290,3,7,01/01/2017,8804,3,170,369
602,5,12,04/24/2017,1601,1,170,395
758,6,1,08/02/2016,3561,1,172,197
881,4,5,04/23/2017,8385,2,172,368
28,6,11,04/08/2017,6346,2,173,11
117,6,19,06/12/2017,4150,2,173,37
134,5,5,08/23/2017,4769,2,173,383
585,3,11,01/15/2017,3618,2,173,11
248,6,13,07/28/2016,7053,2,174,300
763,5,11,09/23/2016,4884,6,175,310
401,3,23,02/23/2016,3205,1,176,111
689,2,14,09/26/2016,7149,2,176,154
764,1,17,08/16/2017,2955,2,176,129
151,2,7,06/09/2017,4877,4,177,54
281,4,18,08/28/2016,9285,1,177,463
83,4,24,06/15/2017,5576,1,178,227
362,5,14,05/09/2016,2533,5,178,46
569,3,8,12/19/2016,2416,1,178,326
761,4,8,09/05/2017,8532,4,178,268
2,2,5,02/14/2016,7040,2,179,461
369,6,2,07/01/2017,8253,1,180,156
414,5,20,08/02/2016,8515,5,180,97
843,2,22,09/24/2017,3854,3,180,243
863,3,21,07/11/2017,3069,1,181,364
427,4,13,11/09/2017,8099,5,182,440
105,4,2,08/22/2016,1407,1,183,385
741,6,14,09/20/2016,8121,2,183,73
337,5,21,03/15/2016,2235,2,184,16
660,2,7,03/07/2016,3698,5,184,433
727,6,9,10/04/2016,9846,4,184,129
781,4,9,02/14/2016,1859,3,184,60
599,3,3,02/25/2016,9146,6,185,336
790,2,18,03/07/2016,2892,3,185,161
866,2,12,06/28/2017,5104,1,185,135
909,1,2,01/07/2017,2443,3,185,291
36,2,5,01/08/2018,8695,2,186,80
901,1,9,06/02/2016,9243,6,186,395
25,3,13,01/02/2017,5771,5,187,227
341,4,17,10/25/2016,9653,1,187,216
3,1,8,02/12/2017,3664,3,189,388
143,3,15,01/21/2018,1188,2,189,91
805,6,15,04/05/2017,5069,1,189,135
73,2,12,01/23/2017,2151,2,190,91
154,1,4,01/23/2016,1399,3,190,218
537,6,23,09/03/2016,941,6,191,34
444,6,15,05/29/2017,8081,5,192,48
666,2,14,03/19/2016,8523,2,193,173
397,2,14,02/12/2016,4384,6,196,281
771,3,4,02/24/2018,6886,6,196,123
195,1,22,09/25/2016,2054,3,197,62
272,5,24,07/16/2016,9319,4,197,106
550,6,1,12/22/2016,1097,6,197,232
672,3,7,01/23/2017,5053,4,197,378
163,3,20,02/24/2018,4948,1,198,392
185,2,10,01/23/2018,6281,1,198,150
283,2,2,10/27/2017,3734,3,198,394
798,2,11,09/09/2016,4164,6,198,383
475,3,3,04/01/2017,2630,6,199,128
303,1,17,09/11/2017,5570,1,200,152
378,5,16,10/14/2017,9654,6,201,53
111,6,10,06/02/2017,3989,5,202,306
130,2,12,02/13/2017,4828,1,202,450
269,5,13,08/07/2017,9269,6,202,269
302,1,5,07/14/2016,2982,2,202,115
830,3,10,04/25/2017,3111,2,202,149
18,4,9,09/26/2016,8762,1,203,490
456,4,23,11/07/2016,1581,4,204,471
892,2,9,11/17/2016,6414,1,204,481
30,5,18,12/27/2016,4069,6,206,437
132,2,16,01/23/2017,6098,5,207,215
358,5,14,06/25/2016,6411,1,207,196
400,6,12,10/21/2017,904,1,207,191
131,6,4,10/03/2016,4202,4,208,194
429,3,15,09/03/2016,3201,5,208,262
469,3,11,01/30/2017,4562,1,208,87
37,1,5,08/13/2016,2816,5,210,2
352,3,15,05/30/2016,9036,3,210,129
361,3,24,11/01/2016,1797,5,210,397
822,6,2,02/06/2016,3161,5,210,193
858,4,2,03/06/2017,6201,6,210,38
859,4,15,06/04/2016,5339,4,210,61
964,2,22,06/13/2017,7204,2,210,325
977,4,1,02/26/2017,5644,5,210,85
212,5,18,02/24/2017,9316,3,211,307
512,2,22,12/11/2017,3656,4,212,378
595,5,13,11/15/2016,5308,5,212,52
774,4,18,06/25/2016,9314,2,213,275
24,3,8,12/17/2016,5094,1,214,264
104,6,13,02/03/2017,1725,2,214,136
338,3,17,05/22/2017,6765,6,214,148
545,2,11,11/18/2017,9606,6,214,434
598,5,11,02/14/2017,5936,5,214,59
644,2,20,11/29/2017,8445,4,214,26
766,5,14,02/24/2018,3721,3,214,381
65,6,16,02/08/2016,1900,2,215,196
477,4,11,02/06/2017,8110,5,215,183
691,3,5,11/30/2017,1442,2,215,1
716,4,7,12/25/2017,7783,1,217,467
938,4,10,06/01/2016,2556,1,217,408
319,5,4,05/01/2016,3195,5,218,117
589,2,7,10/03/2017,9959,4,218,102
633,6,2,01/28/2018,9855,2,218,13
21,3,23,10/19/2017,9005,5,219,141
123,6,4,03/02/2016,9293,2,219,350
227,1,5,08/06/2016,8063,4,219,65
648,4,8,02/01/2018,2062,6,219,244
119,2,11,10/16/2017,8000,4,220,410
145,5,7,03/15/2017,2715,6,220,20
459,3,3,10/04/2017,4552,3,220,190
566,1,12,07/05/2016,1576,2,220,201
625,3,11,12/27/2017,8333,2,220,171
659,3,18,06/15/2017,9319,3,220,174
420,1,15,12/13/2016,1398,2,221,139
747,3,9,03/23/2016,1809,1,222,307
364,4,23,12/28/2016,2509,1,223,174
606,1,10,05/17/2017,3131,4,223,232
985,3,8,06/24/2016,1052,2,223,105
917,5,14,09/09/2016,7169,6,224,61
540,6,4,07/10/2016,4412,4,225,125
479,6,9,04/07/2017,6629,4,226,369
742,2,19,11/15/2017,788,6,226,456
957,1,24,02/15/2017,1776,2,226,403
190,4,3,09/20/2016,9434,1,227,401
987,5,21,08/14/2017,1299,4,228,397
44,2,19,09/27/2016,5504,5,229,39
437,1,18,04/24/2016,5455,2,229,321
705,3,4,09/10/2017,9088,2,229,373
603,2,5,07/24/2017,821,6,230,7
263,5,16,12/19/2016,5114,3,233,291
323,1,20,01/16/2017,2108,5,234,466
656,2,6,08/17/2016,1848,2,234,216
424,5,23,07/03/2016,3382,3,235,198
710,4,9,07/27/2016,9853,4,236,376
793,1,1,02/04/2018,1734,2,236,461
871,5,20,08/22/2017,2223,5,236,53
289,4,19,06/23/2016,6338,4,237,458
838,2,18,09/07/2017,1760,6,239,34
826,6,23,02/27/2018,6852,6,240,430
939,4,18,11/30/2016,3627,3,240,170
940,2,16,08/27/2017,8583,2,240,277
349,6,17,01/21/2016,3427,6,241,220
534,6,10,02/18/2018,2125,5,242,329
668,2,11,04/28/2017,4021,3,242,477
650,1,9,06/17/2017,2953,4,243,177
920,2,12,01/18/2018,2695,6,243,110
981,6,19,10/16/2016,1873,4,243,481
32,4,9,06/10/2017,7604,5,244,456
436,2,21,08/04/2017,3294,5,244,201
912,3,7,06/23/2016,3344,6,244,464
854,2,3,04/17/2016,9630,3,245,205
228,4,4,02/03/2017,1782,4,247,251
312,6,22,02/25/2017,783,3,247,474
162,3,24,06/08/2017,709,5,248,344
247,3,12,03/02/2016,7295,3,248,5
510,3,10,04/15/2016,3862,4,248,3
696,2,7,09/26/2017,2991,3,249,244
762,3,3,11/17/2016,9579,1,249,40
148,6,4,01/24/2017,3602,5,250,264
187,4,21,01/03/2018,6994,6,250,115
509,3,12,03/07/2016,3213,2,250,166
647,3,22,01/10/2016,6397,5,250,394
897,1,22,06/16/2017,9653,3,250,329
916,5,1,03/01/2017,1882,1,250,330
695,6,18,03/26/2017,3904,2,251,227
872,6,14,02/05/2017,5975,1,251,157
126,5,10,07/02/2016,6350,5,252,164
13,4,16,01/18/2017,731,1,253,141
708,5,20,05/13/2016,4449,6,253,179
14,5,15,03/08/2016,2709,5,254,272
138,6,9,06/16/2016,7616,1,254,452
142,1,3,07/22/2016,6244,1,254,202
363,5,18,08/10/2016,2961,3,254,244
616,6,21,01/13/2016,9433,5,254,376
518,2,5,02/23/2016,8553,2,255,81
717,1,16,02/03/2016,4846,5,255,341
416,6,15,03/22/2017,4942,5,256,425
505,3,5,11/27/2017,2454,3,257,194
701,4,17,02/27/2018,3423,3,258,4
785,5,17,08/17/2017,4144,6,258,18
792,3,18,01/22/2017,4483,3,259,221
315,6,15,08/11/2017,1401,5,260,19
371,4,20,09/21/2017,4588,1,260,152
581,4,9,08/16/2016,3541,3,260,84
928,4,7,04/28/2016,1119,4,261,80
684,2,2,12/21/2017,9463,3,262,428
430,4,9,02/02/2018,835,4,263,81
786,4,19,08/03/2017,1824,3,263,72
316,6,21,09/19/2016,2461,3,264,312
326,3,7,09/14/2016,5182,3,264,339
706,3,7,01/08/2017,6041,3,264,423
438,3,20,11/25/2016,1972,5,265,373
688,4,19,11/21/2017,7942,3,265,413
949,4,8,08/07/2016,2355,6,265,61
206,4,18,11/29/2017,7376,6,266,431
732,6,24,10/11/2017,4037,4,266,198
753,6,2,12/23/2017,5970,6,266,204
16,1,21,09/04/2016,1492,5,267,436
166,5,13,09/16/2017,7703,1,267,17
274,5,7,01/26/2018,9565,1,267,337
900,5,6,08/23/2017,8128,2,267,329
947,2,10,06/10/2017,7526,1,267,471
543,2,21,09/01/2016,2358,4,268,294
635,5,19,11/27/2016,6858,2,268,34
915,1,16,03/14/2017,4069,3,268,387
173,1,19,07/30/2016,2785,5,269,377
286,4,9,09/24/2017,4055,6,269,132
969,2,12,06/17/2017,8085,2,269,229
251,6,8,10/21/2016,2190,6,270,196
450,5,22,10/07/2017,9557,5,271,322
458,1,4,09/07/2017,4635,1,271,89
189,3,1,05/10/2016,9894,4,272,213
128,4,3,04/03/2016,9176,6,273,147
277,6,14,06/17/2016,1910,1,274,299
885,4,15,01/25/2016,2779,5,274,238
82,2,3,11/13/2017,8537,2,275,437
986,6,16,09/28/2017,6783,3,275,173
342,6,11,07/23/2016,5476,1,276,214
140,1,16,01/27/2017,4536,6,277,228
321,1,15,08/08/2017,2983,1,277,186
780,3,3,04/16/2016,7615,6,278,146
944,5,7,10/08/2017,2426,6,278,425
266,6,23,01/30/2017,6942,6,279,211
490,1,21,01/02/2017,3214,4,279,334
789,2,10,04/18/2016,6076,1,279,197
441,4,12,11/07/2017,8776,4,280,394
870,1,15,09/08/2017,3132,6,280,124
175,1,1,02/07/2018,8670,6,282,311
500,4,3,07/12/2016,4583,2,283,377
322,1,8,10/13/2017,1254,6,284,226
348,2,6,03/03/2016,9937,5,284,323
951,6,11,08/19/2016,8277,6,285,148
351,4,4,04/24/2017,3081,2,286,8
373,6,1,08/19/2016,9654,4,287,135
426,5,4,09/14/2017,1473,5,287,420
297,3,14,05/01/2016,5883,2,288,197
711,3,14,04/01/2017,8083,6,288,298
891,6,17,04/17/2016,4374,6,288,398
963,1,6,09/11/2016,7906,2,289,143
345,6,16,08/03/2016,3838,2,290,440
495,6,7,06/30/2017,1991,3,291,362
204,4,20,03/31/2017,3643,3,292,227
231,2,1,12/10/2017,2774,1,292,437
880,6,6,11/24/2016,8229,3,292,411
177,6,19,01/07/2016,9937,4,293,179
485,4,21,11/05/2016,7384,3,293,286
320,6,9,09/16/2017,1405,2,294,109
593,5,13,11/19/2016,3334,6,294,164
492,1,12,08/29/2016,8903,2,295,244
683,4,3,07/27/2017,4657,1,295,258
840,5,18,10/27/2017,8694,2,295,298
43,6,17,12/10/2017,2144,6,296,390
63,5,23,01/07/2016,2346,4,297,266
421,4,12,02/06/2017,6023,4,297,44
847,2,11,10/03/2017,4516,4,297,418
214,5,10,01/03/2017,2522,6,298,117
259,4,14,10/04/2016,9429,5,298,432
488,1,17,12/01/2016,1729,2,298,2
229,1,3,03/06/2017,5790,5,299,204
318,5,4,10/04/2016,5954,5,299,466
562,2,12,12/10/2017,2303,5,299,474
590,1,13,08/14/2017,8881,3,299,311
75,2,23,01/23/2017,1575,5,300,277
76,6,23,02/11/2016,9680,5,300,367
246,4,5,04/22/2016,1235,2,301,128
451,1,11,10/07/2017,6261,1,302,241
810,3,13,01/25/2017,9500,5,302,387
942,4,17,06/14/2016,4956,1,302,447
215,6,2,05/15/2016,5514,4,303,327
253,3,7,12/06/2017,9686,1,303,419
473,3,12,08/29/2016,953,4,303,20
100,3,18,04/27/2016,3787,1,304,482
394,5,20,10/21/2016,9253,5,304,8
402,6,12,01/10/2018,7433,2,305,1
156,6,4,12/06/2017,3078,4,306,128
499,4,2,08/14/2016,3696,4,306,78
853,4,21,10/28/2017,9955,4,307,440
379,3,18,09/02/2016,2767,4,309,415
676,3,22,04/08/2016,9111,1,309,80
103,5,15,07/18/2017,9705,3,310,421
254,2,16,08/19/2017,5362,1,310,433
389,2,24,03/20/2017,4604,4,310,90
731,4,3,02/11/2017,5549,3,310,219
979,4,20,04/01/2017,8413,6,310,303
170,5,3,09/19/2016,3726,2,311,122
439,5,7,05/03/2017,7522,2,311,130
102,4,3,02/17/2016,1293,6,312,246
899,1,13,01/10/2018,7615,3,312,52
906,6,11,03/13/2017,9856,1,312,339
98,4,13,05/30/2017,6433,2,313,207
157,3,9,06/15/2017,6786,4,315,376
213,6,21,07/27/2017,3583,3,315,64
526,1,9,05/05/2017,2867,2,315,215
685,1,8,04/24/2016,6815,3,315,160
719,3,12,01/02/2017,5315,5,315,404
812,4,7,10/12/2017,2854,1,317,394
851,2,12,08/11/2016,6943,4,317,136
192,3,20,11/27/2016,2968,2,318,114
223,2,19,06/03/2016,3204,2,318,253
404,5,5,08/11/2017,9749,3,318,12
503,2,23,09/10/2017,6571,4,318,43
12,6,6,10/12/2017,7700,3,319,83
814,6,7,03/09/2017,9510,5,319,373
262,6,12,08/05/2017,4817,1,320,483
745,1,11,08/22/2017,1996,6,320,438
222,4,1,01/26/2018,7679,1,321,266
449,1,1,07/14/2017,2030,5,321,402
736,2,14,04/30/2016,8029,3,321,265
694,6,22,07/14/2017,8389,2,322,53
911,5,22,02/22/2017,8790,6,322,228
70,2,21,11/19/2017,9900,3,323,342
725,5,16,01/21/2018,5126,3,323,242
971,4,6,05/28/2016,7231,4,323,345
491,3,20,03/30/2017,7075,5,324,396
726,5,8,09/03/2017,3715,1,324,234
544,4,1,02/17/2016,2219,2,325,24
324,6,3,01/07/2017,762,4,326,86
594,6,5,04/01/2016,6728,5,326,486
636,2,18,02/25/2017,9154,5,326,377
765,3,21,02/01/2016,9220,5,326,32
682,6,9,06/14/2016,7289,2,327,371
983,1,10,01/01/2017,8481,3,327,415
234,2,1,03/01/2017,8524,5,328,189
637,1,2,04/16/2017,9553,2,328,382
517,1,6,03/28/2017,2397,5,329,411
565,1,3,11/03/2016,8977,5,330,467
639,1,10,08/20/2017,7633,5,330,269
777,6,12,06/27/2017,6216,2,330,185
825,2,1,08/02/2017,5110,2,331,208
353,6,11,12/17/2017,1379,6,332,184
835,5,21,01/07/2017,5732,1,332,70
135,3,14,05/27/2017,8824,4,333,125
169,1,17,02/07/2018,1684,6,333,263
471,5,10,10/30/2016,6748,6,333,208
77,4,18,02/08/2017,6532,1,334,125
304,3,4,12/24/2017,3108,6,334,60
744,5,15,11/30/2017,5352,3,334,231
631,2,6,05/18/2017,1385,4,335,142
294,1,17,03/25/2016,1588,1,336,193
502,4,1,10/31/2017,8607,3,336,62
643,5,12,07/16/2017,5681,3,336,116
55,6,13,02/11/2018,2595,6,337,119
267,2,3,04/01/2016,7441,3,337,327
58,2,5,07/22/2017,4825,4,338,440
619,4,13,04/07/2017,6933,1,338,121
882,4,13,04/17/2017,9104,4,338,143
965,3,21,01/24/2017,1350,3,338,470
249,5,10,07/10/2017,3849,5,339,149
331,6,16,09/02/2017,7392,4,339,152
514,6,17,08/04/2016,3395,5,339,457
824,1,9,11/30/2016,3940,2,339,147
180,4,7,09/02/2016,6656,4,340,347
651,2,17,06/22/2017,7806,3,340,302
852,6,7,03/05/2016,7181,2,341,489
990,6,2,02/26/2017,5165,6,342,354
293,5,8,06/24/2017,9545,2,343,195
535,4,22,06/09/2016,7357,6,343,186
202,3,14,04/11/2016,9432,6,345,322
279,4,16,12/14/2017,3987,2,345,226
336,1,19,08/15/2017,2919,5,345,281
419,2,14,12/10/2016,1674,4,345,291
542,4,2,06/12/2017,1792,2,345,193
680,2,15,01/04/2017,1989,4,345,259
27,3,24,07/12/2017,3678,4,346,422
46,6,16,01/25/2016,4605,1,346,202
256,3,8,01/23/2018,5994,2,346,57
604,3,8,02/02/2016,6607,3,346,363
860,1,15,09/27/2016,5250,2,346,27
367,2,15,09/27/2016,3775,1,347,440
931,6,21,06/03/2017,7378,5,347,420
937,6,11,01/07/2017,9629,2,349,408
97,5,13,02/18/2016,9987,6,350,453
330,1,16,11/18/2017,8533,6,350,298
388,2,22,09/17/2017,2475,5,350,173
547,4,11,06/25/2017,5486,3,351,297
560,5,18,05/24/2016,4156,1,351,297
60,3,8,10/27/2016,7423,2,352,282
408,1,6,06/30/2017,8156,2,352,267
649,5,18,09/10/2016,9877,6,352,452
662,6,2,05/27/2016,1542,2,353,76
773,6,8,03/16/2016,3912,1,353,218
155,2,24,02/17/2017,5022,1,354,323
232,1,9,08/05/2016,1200,2,354,128
681,2,7,11/13/2017,2354,2,354,269
554,1,10,05/08/2017,2227,4,355,285
524,3,2,06/14/2016,1766,4,356,148
164,1,5,04/06/2017,8222,6,357,68
622,4,11,09/20/2016,3779,2,357,375
889,5,8,03/20/2016,9301,5,357,284
198,4,11,10/07/2017,7996,6,358,23
219,1,15,10/02/2017,2964,4,359,417
800,4,16,03/21/2016,6314,2,359,30
417,6,9,04/03/2017,5909,4,360,245
573,2,3,05/13/2016,9156,2,361,382
788,5,24,06/28/2017,4507,1,361,324
791,3,10,02/28/2016,9389,5,362,401
902,2,13,12/18/2016,6235,4,362,157
454,4,15,11/24/2017,1046,2,363,56
557,2,7,11/03/2017,7742,2,363,336
674,5,1,06/05/2016,3854,6,364,56
667,6,4,03/15/2017,2124,6,365,182
26,1,1,01/08/2017,8821,3,366,255
121,5,4,01/17/2016,5792,2,367,435
411,1,7,12/08/2016,2337,1,367,332
959,6,1,06/29/2016,1764,6,367,261
72,5,17,05/25/2016,6910,3,368,162
81,6,11,02/02/2016,5404,6,368,21
284,3,5,12/23/2017,2541,4,368,103
92,3,9,07/08/2017,8207,4,369,121
546,3,16,03/14/2017,2596,6,369,189
661,4,17,07/04/2016,7682,1,369,262
874,4,19,05/31/2017,8521,1,369,350
577,2,1,01/30/2016,2331,1,370,218
15,5,9,02/03/2016,5495,1,371,199
112,2,17,05/17/2016,6135,6,371,414
357,5,5,01/25/2018,4063,6,371,86
516,3,8,06/02/2017,4101,2,371,168
929,6,5,09/18/2016,3217,3,371,356
236,6,12,01/10/2016,9812,6,372,185
377,5,24,11/21/2016,5803,6,372,60
466,4,8,10/09/2016,9529,6,372,175
658,6,5,02/06/2017,8445,3,372,407
393,3,4,07/23/2016,4132,3,374,343
596,3,7,11/18/2016,6540,1,375,245
841,6,13,11/23/2017,5415,6,376,425
856,1,20,10/14/2016,7927,1,376,446
31,2,1,03/24/2017,3103,4,377,348
370,4,4,07/26/2016,4252,2,377,459
829,4,7,01/08/2017,2892,6,377,272
884,1,17,09/08/2017,8077,4,377,117
580,5,18,01/22/2017,6692,2,378,108
115,4,11,01/22/2016,1562,6,380,234
255,2,1,04/18/2016,8084,6,380,180
237,3,12,08/26/2017,6910,2,381,388
280,3,22,01/10/2016,3642,3,381,331
355,3,5,10/25/2017,1962,4,381,291
431,2,22,03/03/2017,6091,5,381,261
4,3,10,07/20/2016,3314,5,382,451
62,1,3,03/04/2016,3584,2,382,385
453,6,10,10/06/2017,8231,1,382,461
208,2,3,01/24/2016,1188,6,383,67
375,4,16,07/18/2016,3317,5,383,391
592,6,6,02/18/2017,9028,3,384,441
968,4,9,12/16/2017,7145,6,384,478
226,4,24,03/13/2017,6195,3,385,142
723,6,16,04/19/2017,7883,1,385,376
896,6,18,11/24/2016,6029,4,385,114
934,4,11,08/16/2017,1895,3,385,263
159,2,5,11/24/2016,7757,3,387,81
821,6,24,09/22/2017,3807,3,387,171
20,2,20,07/19/2017,9330,1,389,260
278,1,22,01/29/2018,4177,1,389,123
296,2,3,07/17/2017,4043,5,390,231
446,4,2,11/20/2017,7399,3,392,444
611,3,1,10/05/2016,4139,5,392,14
9,3,4,03/18/2017,6966,2,393,310
311,6,15,09/04/2016,6999,2,393,480
465,4,24,08/26/2017,7204,2,393,82
410,3,21,08/17/2016,5115,6,394,246
568,6,9,05/06/2017,4125,1,394,435
954,2,16,02/27/2017,7082,1,394,18
415,5,15,08/10/2017,6477,5,395,40
783,4,11,08/02/2017,5713,6,395,117
359,5,5,01/14/2017,4642,3,396,97
868,3,22,07/15/2017,9449,2,396,336
399,6,12,02/26/2018,2663,3,397,3
519,6,9,08/05/2016,2218,1,397,453
597,3,2,10/06/2016,9440,6,397,36
191,4,5,02/12/2018,2150,1,398,481
815,6,17,08/13/2017,9015,6,398,136
139,6,4,01/21/2018,4971,4,399,371
588,3,18,09/13/2016,3864,5,399,142
276,2,11,03/25/2016,6165,6,400,387
334,4,2,04/01/2017,9257,1,400,154
45,5,6,07/31/2017,4633,1,401,341
489,3,11,09/18/2016,9223,3,401,5
493,2,15,07/17/2016,8107,2,401,341
982,6,9,03/06/2016,8938,1,401,451
242,4,22,02/03/2018,5940,1,403,144
261,5,15,05/10/2017,7102,5,403,13
305,3,23,05/02/2017,2685,5,406,435
120,5,19,07/08/2017,8697,6,407,1
174,3,10,06/22/2016,3002,6,407,47
455,5,16,03/03/2017,6771,3,407,54
268,1,15,11/13/2016,1024,5,408,260
34,2,15,05/10/2017,8892,3,409,416
197,3,8,01/17/2017,3768,1,409,311
738,2,9,01/03/2018,1524,6,409,314
57,1,16,01/30/2017,7658,6,410,381
506,3,16,10/12/2017,8773,3,410,88
621,2,15,03/18/2017,6345,3,410,83
94,1,1,02/19/2017,1742,5,411,282
536,2,10,01/10/2017,8479,4,411,1
722,4,8,08/21/2017,9343,1,411,484
855,4,21,12/23/2017,3385,2,411,242
776,5,16,10/23/2017,2285,5,412,5
819,4,6,03/28/2017,4677,6,412,367
299,2,6,07/21/2017,4901,6,414,157
768,4,18,08/11/2016,6768,4,414,202
168,6,9,10/24/2017,5284,6,415,416
335,3,8,09/24/2017,6129,6,415,287
797,6,7,01/24/2017,5369,6,415,110
848,5,20,11/20/2016,3660,6,416,216
7,5,11,05/13/2017,1651,3,417,211
118,5,5,07/14/2017,6985,2,417,53
114,6,12,07/13/2016,5535,5,418,403
381,1,2,09/09/2016,5927,3,418,296
908,4,15,11/05/2016,6065,2,418,346
973,3,1,01/12/2017,5385,3,418,249
752,5,19,01/24/2017,3664,2,419,471
910,6,10,01/01/2018,7674,6,419,453
927,6,12,12/11/2016,1873,4,419,338
513,5,18,04/26/2016,8838,4,420,407
563,2,21,01/13/2016,6330,5,420,259
846,4,4,06/12/2016,6250,4,420,164
960,2,21,02/26/2017,4573,6,420,175
149,5,8,11/15/2017,3007,5,421,287
61,6,22,03/14/2016,2238,5,422,412
1,2,22,07/09/2016,8830,5,423,451
655,4,15,12/10/2017,2260,5,423,190
787,5,6,02/18/2017,8644,4,423,181
799,6,1,12/03/2016,9630,2,423,244
802,1,17,07/22/2017,1229,6,423,100
925,5,19,02/27/2018,4815,4,423,438
270,2,12,11/24/2016,2856,3,424,223
720,3,17,01/23/2018,8165,1,424,451
171,6,6,12/03/2016,2220,4,426,471
347,4,6,11/06/2017,7226,4,426,474
605,4,9,11/02/2016,8581,3,426,287
794,1,21,02/22/2016,8565,5,426,154
310,6,17,01/29/2018,4486,2,428,238
240,3,23,10/10/2016,3750,2,429,220
754,3,13,03/09/2017,8356,5,429,29
857,4,20,02/25/2016,5602,5,429,221
422,1,18,09/17/2017,4801,6,430,34
178,5,18,03/23/2017,7990,1,431,76
10,3,2,02/02/2017,8658,1,433,83
22,6,16,05/25/2016,6728,5,433,372
360,3,2,06/28/2016,5951,3,433,421
740,2,10,08/19/2017,8075,3,433,386
265,5,13,02/27/2018,3604,3,434,177
273,5,5,05/11/2016,7193,6,434,356
673,1,20,08/25/2016,7187,1,434,254
366,6,21,08/03/2016,2081,2,435,209
52,5,1,09/19/2017,4305,4,436,47
87,1,13,09/13/2016,4110,1,436,401
782,2,13,09/08/2016,1927,2,436,413
152,4,22,02/10/2017,7432,2,437,361
820,6,1,12/17/2016,9224,2,437,381
980,1,7,11/07/2016,6250,3,437,281
93,4,24,06/17/2017,2163,4,439,29
532,3,14,12/28/2017,6479,6,439,6
628,5,10,09/08/2016,1200,2,439,357
816,4,23,02/11/2016,9734,6,439,12
300,3,8,07/24/2017,9455,3,440,337
733,1,16,11/23/2016,3722,2,440,380
78,5,3,07/28/2017,708,3,441,163
955,6,5,02/19/2017,6520,6,441,256
527,4,13,08/04/2016,1799,5,442,50
817,4,16,03/13/2016,9770,4,442,466
926,4,21,11/04/2017,7379,2,443,11
158,5,7,01/15/2016,6228,3,444,149
332,5,22,10/08/2017,3784,3,444,2
564,5,8,08/15/2016,4329,5,445,423
715,2,13,02/18/2016,9996,1,445,73
559,2,4,02/06/2018,1990,6,446,316
943,1,15,06/23/2017,6707,6,446,218
113,4,18,10/06/2016,2037,4,447,126
314,1,9,12/16/2017,7211,4,447,191
372,4,6,02/01/2017,6208,6,447,54
368,1,23,06/07/2016,5365,5,448,257
392,1,5,06/09/2017,2885,6,448,104
79,4,3,06/21/2016,826,3,449,345
523,5,6,07/17/2016,2839,4,449,290
433,1,16,10/11/2016,1383,1,450,168
507,5,23,10/18/2017,5377,6,450,302
795,1,13,08/19/2016,6995,6,450,413
887,4,13,08/29/2016,7068,4,450,274
894,6,12,01/26/2017,6732,5,450,72
282,4,7,06/23/2016,5078,1,451,224
452,4,18,05/19/2017,5616,4,451,121
504,5,6,04/29/2017,9361,2,451,177
586,3,3,06/17/2016,2578,1,452,286
700,3,17,02/05/2017,2837,6,452,482
903,6,22,11/20/2017,8245,4,452,412
39,5,11,04/21/2017,7831,3,453,151
418,6,24,07/23/2017,8001,6,453,109
23,4,18,05/08/2016,5999,3,455,379
601,6,20,01/10/2017,6141,5,455,173
618,6,11,05/23/2017,4519,1,455,75
91,2,19,05/11/2017,3940,1,456,374
344,6,8,04/10/2017,6757,4,456,60
428,3,23,01/09/2017,4893,2,456,482
967,4,5,12/05/2016,5780,5,456,373
693,6,4,03/20/2016,4734,5,457,237
718,4,6,10/17/2016,5483,2,457,186
476,2,11,01/25/2018,8503,3,458,108
607,3,9,10/31/2017,5636,2,458,269
511,4,7,07/13/2016,2911,1,459,276
264,3,4,03/09/2016,2823,1,460,315
413,4,12,11/05/2017,2480,1,460,234
403,6,22,01/26/2016,6111,1,461,252
806,6,2,08/03/2017,987,5,461,148
384,1,10,06/15/2016,5416,1,462,413
84,1,1,06/04/2016,6321,5,463,481
106,4,21,10/01/2017,8020,4,463,490
474,5,7,04/15/2016,8761,2,463,244
538,1,22,11/29/2017,9097,4,463,56
553,6,9,10/10/2016,1479,2,463,2
482,5,22,09/01/2016,7344,3,464,458
501,4,9,01/15/2017,1090,4,464,266
833,2,22,12/13/2017,3248,6,464,144
837,5,20,01/19/2016,5508,4,464,258
216,3,24,06/20/2016,1527,4,465,262
165,4,17,05/31/2016,7490,1,466,248
245,2,23,05/20/2016,1061,5,466,405
878,2,17,04/07/2016,8203,3,467,150
35,5,9,12/19/2017,7393,1,468,419
188,4,10,08/13/2016,5230,4,468,86
285,5,18,06/03/2017,8988,3,468,206
407,1,2,03/31/2016,5661,2,470,407
970,3,3,06/05/2016,4712,1,470,21
387,3,23,01/13/2017,9056,4,471,375
108,3,22,06/12/2016,8686,3,472,286
862,1,16,09/18/2016,4134,2,472,427
221,5,13,06/30/2017,891,3,473,12
184,3,4,12/06/2016,4531,6,475,266
571,6,19,06/16/2017,9071,6,475,360
664,5,8,11/04/2017,1475,3,475,255
961,4,15,12/29/2017,4260,4,476,350
146,6,23,08/14/2016,2623,4,477,154
697,5,1,07/21/2016,4300,1,477,273
767,3,16,04/11/2017,2917,1,477,209
374,3,5,01/19/2017,3320,5,480,125
600,1,22,01/12/2016,1869,6,480,91
692,2,22,07/27/2016,6634,4,480,228
893,2,6,01/06/2016,4561,6,480,464
95,5,6,01/26/2017,5103,6,481,30
737,4,24,02/26/2018,5794,1,482,338
150,6,9,09/24/2017,8405,1,483,171
308,1,18,12/29/2017,3132,6,484,15
975,5,15,06/18/2016,3982,1,484,174
472,1,16,08/20/2016,1322,1,485,22
624,2,23,04/27/2016,2276,3,485,219
952,5,7,02/13/2018,4513,4,485,406
244,6,18,11/16/2017,3044,6,486,383
578,3,19,04/12/2017,3136,6,486,399
478,4,17,05/08/2016,6993,6,487,274
679,4,1,01/01/2016,3621,6,487,461
813,3,8,03/20/2017,1246,4,487,195
463,1,18,03/04/2017,7184,5,488,420
19,5,23,04/27/2017,7935,3,490,15
690,2,20,04/09/2017,7383,3,490,403
